Thiruvananthapuram,Chemmaruthy,CPI(M)
Thiruvananthapuram,Edava,CPI(M)
Thiruvananthapuram,Elakamon,CPI(M)
Thiruvananthapuram,Manamboor,INC
Thiruvananthapuram,Ottoor,INC
Thiruvananthapuram,Cherunniyoor,CPI(M)
Thiruvananthapuram,Vettoor,INC
Thiruvananthapuram,Kilimanoor,CPI(M)
Thiruvananthapuram,Pazhayakunnumel,CPI(M)
Thiruvananthapuram,Karavaram,CPI(M)
Thiruvananthapuram,Madavoor,INC
Thiruvananthapuram,Pallickal,CPI(M)
Thiruvananthapuram,Nagaroor,CPI(M)
Thiruvananthapuram,Navaikulam,INC
Thiruvananthapuram,Pulimath,CPI(M)
Thiruvananthapuram,Azhoor,CPI(M)
Thiruvananthapuram,Anchuthengu,INC
Thiruvananthapuram,Vakkom,CPI(M)
Thiruvananthapuram,Chirayinkeezhu,CPI(M)
Thiruvananthapuram,Kizhuvilam,INC
Thiruvananthapuram,Mudakkal,INC
Thiruvananthapuram,Kadakkavoor,CPI(M)
Thiruvananthapuram,Kallara,INC
Thiruvananthapuram,Nellanad,INC
Thiruvananthapuram,Pullampara,CPI(M)
Thiruvananthapuram,Vamanapuram,CPI(M)
Thiruvananthapuram,Pangode,INC
Thiruvananthapuram,Nanniyode,CPI(M)
Thiruvananthapuram,Peringammala,CPI(M)
Thiruvananthapuram,Manickal,CPI(M)
Thiruvananthapuram,Aryanad,INC
Thiruvananthapuram,Poovachal,CPI(M)
Thiruvananthapuram,Vellanad,INC
Thiruvananthapuram,Vithura,INC
Thiruvananthapuram,Uzhamalakkal,CPI(M)
Thiruvananthapuram,Kuttichal,CPI(M)
Thiruvananthapuram,Tholicode,CPI(M)
Thiruvananthapuram,Kattakada,INC
Thiruvananthapuram,Anad,INC
Thiruvananthapuram,Aruvikkara,CPI(M)
Thiruvananthapuram,Panavoor,CPI(M)
Thiruvananthapuram,Karakulam,CPI(M)
Thiruvananthapuram,Vembayam,INC
Thiruvananthapuram,Andoorkonam,INC
Thiruvananthapuram,Kadinamkulam,CPI(M)
Thiruvananthapuram,Mangalapuram,CPI(M)
Thiruvananthapuram,Pothencode,CPI(M)
Thiruvananthapuram,Balaramapuram,CPI(M)
Thiruvananthapuram,Pallichal,INC
Thiruvananthapuram,Maranalloor,BJP
Thiruvananthapuram,Malayinkeezh,INC
Thiruvananthapuram,Vilappil,BJP
Thiruvananthapuram,Vilavoorkal,INC
Thiruvananthapuram,Kalliyoor,BJP
Thiruvananthapuram,Perumkadavila,CPI(M)
Thiruvananthapuram,Kollayil,CPI(M)
Thiruvananthapuram,Ottasekharamangalam,CPI(M)
Thiruvananthapuram,Aryancode,INC
Thiruvananthapuram,Kallikkadu,CPI(M)
Thiruvananthapuram,Kunnathukal,CPI(M)
Thiruvananthapuram,Vellarada,INC
Thiruvananthapuram,Amboori,INC
Thiruvananthapuram,Athiyannoor,CPI(M)
Thiruvananthapuram,Kanjiramkulam,INC
Thiruvananthapuram,Karumkulam,CPI(M)
Thiruvananthapuram,Kottukal,INC
Thiruvananthapuram,Venganoor,BJP
Thiruvananthapuram,Chenkal,INC
Thiruvananthapuram,Karode,INC
Thiruvananthapuram,Kulathoor,INC
Thiruvananthapuram,Parassala,INC
Thiruvananthapuram,Thirupuram,INC
Thiruvananthapuram,Poovar,CPI(M)
Kollam,Oachira,INC
Kollam,Kulasekharapuram,CPI(M)
Kollam,Clappana,INC
Kollam,Thazhava,CPI(M)
Kollam,Mynagappally,INC
Kollam,Alappad,CPI(M)
Kollam,Thodiyoor,CPI(M)
Kollam,Sasthamcotta,CPI(M)
Kollam,West Kallada,CPI(M)
Kollam,Sooranad South,CPI
Kollam,Poruvazhy,CPI(M)
Kollam,Kunnathoor,INC
Kollam,Sooranad North,CPI(M)
Kollam,Ummannoor,CPI(M)
Kollam,Vettikavala,INC
Kollam,Melila,INC
Kollam,Mylom,CPI(M)
Kollam,Kulakkada,CPI
Kollam,Pavithreswaram,CPI(M)
Kollam,Vilakkudy,CPI(M)
Kollam,Thalavoor,CPI(M)
Kollam,Piravanthoor,INC
Kollam,Pattazhi Vadakkekara,CPI(M)
Kollam,Pattazhi,CPI(M)
Kollam,Pathanapuram,CPI(M)
Kollam,Kulathupuzha,INC
Kollam,Yeroor,CPI(M)
Kollam,Alayamon,CPI(M)
Kollam,Anchal,CPI(M)
Kollam,Edamulackal,CPI
Kollam,Karavaloor,CPI(M)
Kollam,Thenmala,CPI(M)
Kollam,Aryankavu,CPI
Kollam,Veliyam,CPI(M)
Kollam,Pooyappally,INC
Kollam,Kareepra,CPI
Kollam,Ezhukone,INC
Kollam,Neduvathoor,INC
Kollam,Perinad,CPI(M)
Kollam,Kundara,INC
Kollam,East Kallada,CPI(M)
Kollam,Perayam,INC
Kollam,Munroethuruth,CPI(M)
Kollam,Panayam,CPI(M)
Kollam,Thekkumbhagom,CPI(M)
Kollam,Chavara,CPI(M)
Kollam,Thevalakkara,INC
Kollam,Panmana,CPI(M)
Kollam,Neendakara,CPI(M)
Kollam,Thrikkaruva,CPI(M)
Kollam,Mayyanad,CPI(M)
Kollam,Thrikkovilvattom,CPI(M)
Kollam,Kottamkara,CPI(M)
Kollam,Elampalloor,CPI(M)
Kollam,Poothakulam,CPI(M)
Kollam,Kalluvathukkal,CPI(M)
Kollam,Chathannoor,CPI(M)
Kollam,Adichanalloor,INC
Kollam,Nedumpana,CPI(M)
Kollam,Chithara,CPI(M)
Kollam,Kadakkal,CPI(M)
Kollam,Chadayamangalam,CPI(M)
Kollam,Ittiva,INC
Kollam,Velinalloor,CPI(M)
Kollam,Elamadu,CPI(M)
Kollam,Nilamel,INC
Kollam,Chirakkara,CPI(M)
Kollam,Kummil,CPI(M)
Pathanamthitta,Anicadu,INC
Pathanamthitta,Kaviyoor,INC
Pathanamthitta,Kottanad,INC
Pathanamthitta,Kottangal,INC
Pathanamthitta,Kallooppara,INDEPENDENT
Pathanamthitta,Kunnamthanam,CPI(M)
Pathanamthitta,Mallappally,CPI(M)
Pathanamthitta,Kadapra,CPI(M)
Pathanamthitta,Kuttoor,BJP
Pathanamthitta,Niranam,INC
Pathanamthitta,Nedumpuram,BJP
Pathanamthitta,Peringara,INC
Pathanamthitta,Ayroor,CPI(M)
Pathanamthitta,Eraviperoor,CPI(M)
Pathanamthitta,Koipuram,INDEPENDENT
Pathanamthitta,Thottappuzhassery,INC
Pathanamthitta,Ezhumattoor,INC
Pathanamthitta,Puramattom,INC
Pathanamthitta,Omalloor,INC
Pathanamthitta,Chenneerkara,INC
Pathanamthitta,Elanthoor,INC
Pathanamthitta,Cherukole,INC
Pathanamthitta,Kozhencherry,CPI(M)
Pathanamthitta,Mallappuzhassery,INDEPENDENT
Pathanamthitta,Naranganam,INDEPENDENT
Pathanamthitta,Ranni Pazhavangadi,CPI(M)
Pathanamthitta,Ranni,CPI(M)
Pathanamthitta,Ranni Angadi,INC
Pathanamthitta,Ranni Perunadu,INC
Pathanamthitta,Vadaserikara,INC
Pathanamthitta,Chittar,INC
Pathanamthitta,Seethathodu,CPI(M)
Pathanamthitta,Naranammoozhy,CPI(M)
Pathanamthitta,Vechoochira,INC
Pathanamthitta,Konni,INC
Pathanamthitta,Aruvappulam,INC
Pathanamthitta,Pramadom,INC
Pathanamthitta,Mylapra,INC
Pathanamthitta,Vallicode,INC
Pathanamthitta,Thannithodu,INC
Pathanamthitta,Malayalapuzha,CPI(M)
Pathanamthitta,Pandalam Thekkekara,BJP
Pathanamthitta,Thumpamon,INC
Pathanamthitta,Enadimangalam,CPI(M)
Pathanamthitta,Erathu,CPI(M)
Pathanamthitta,Ezhamkulam,INC
Pathanamthitta,Kadampanad,CPI(M)
Pathanamthitta,Kalanjoor,CPI(M)
Pathanamthitta,Kodumon,INC
Pathanamthitta,Pallickal,CPI(M)
Pathanamthitta,Aranmula,CPI(M)
Pathanamthitta,Mezhuveli,CPI(M)
Pathanamthitta,Kulanada,BJP
Alappuzha,Arookutty,CPI(M)
Alappuzha,Chennam Pallippuram,INC
Alappuzha,Panavally,CPI(M)
Alappuzha,Perumpalam,INC
Alappuzha,Thycattussery,CPI(M)
Alappuzha,Kadakkarappally,INC
Alappuzha,Vayalar,INC
Alappuzha,Pattanakkad,CPI(M)
Alappuzha,Thuravoor,CPI(M)
Alappuzha,Kuthiathod,INC
Alappuzha,Kodamthuruth,INC
Alappuzha,Ezhupunna,INC
Alappuzha,Aroor,INC
Alappuzha,Mararikulam North,CPI(M)
Alappuzha,Kanjikuzhy,CPI(M)
Alappuzha,Thanneermukkom,CPI(M)
Alappuzha,Muhamma,CPI(M)
Alappuzha,Cherthala South,INC
Alappuzha,Aryad,CPI(M)
Alappuzha,Mannancherry,CPI(M)
Alappuzha,Mararikulam South,CPI(M)
Alappuzha,Purakkad,INC
Alappuzha,Ambalapuzha South,CPI(M)
Alappuzha,Punnapra South,INC
Alappuzha,Ambalapuzha North,CPI(M)
Alappuzha,Punnapra North,CPI(M)
Alappuzha,Thalavady,INC
Alappuzha,Edathua,INC
Alappuzha,Thakazhy,CPI(M)
Alappuzha,Nedumudi,CPI(M)
Alappuzha,Champakulam,INC
Alappuzha,Kainakary,CPI(M)
Alappuzha,Muttar,INC
Alappuzha,Veliyanad,CPI(M)
Alappuzha,Neelamperoor,CPI(M)
Alappuzha,Kavalam,CPI(M)
Alappuzha,Pulincunnoo,INC
Alappuzha,Ramankary,CPI(M)
Alappuzha,Mulakuzha,CPI(M)
Alappuzha,Venmoney,
Alappuzha,Cheriyanad,CPI(M)
Alappuzha,Ala,INC
Alappuzha,Puliyoor,CPI(M)
Alappuzha,Budhanoor,CPI(M)
Alappuzha,Mannar,INC
Alappuzha,Pandanad,INC
Alappuzha,Thiruvanvandoor,BJP
Alappuzha,Chingoli,INC
Alappuzha,Karthikappally,CPI(M)
Alappuzha,Thrikkunnappuzha,INC
Alappuzha,Kumarapuram,CPI(M)
Alappuzha,Karuvatta,INC
Alappuzha,Pallippad,INC
Alappuzha,Cheruthana,INC
Alappuzha,Veeyapuram,CPI(M)
Alappuzha,Mavelikara Thekkekara,CPI(M)
Alappuzha,Chettikulangara,CPI(M)
Alappuzha,Chennithala-Thripperumthura,CPI(M)
Alappuzha,Thazhakara,CPI(M)
Alappuzha,Nooranad,CPI(M)
Alappuzha,Vallikunnam,CPI(M)
Alappuzha,Bharanickavu,CPI(M)
Alappuzha,Mavelikara Thamarakulam,CPI(M)
Alappuzha,Chunakara,CPI(M)
Alappuzha,Palamel,CPI(M)
Alappuzha,Pathiyoor,CPI(M)
Alappuzha,Kandalloor,CPI(M)
Alappuzha,Cheppad,INC
Alappuzha,Muthukulam,INC
Alappuzha,Arattupuzha,INC
Alappuzha,Krishnapuram,CPI(M)
Alappuzha,Devikulangara,CPI(M)
Kottayam,Thalayazham,CPI(M)
Kottayam,Chempu,CPI(M)
Kottayam,Maravanthuruthu,CPI(M)
Kottayam,TV Puram,CPI(M)
Kottayam,Vechoor,CPI(M)
Kottayam,Udayanapuram,CPI(M)
Kottayam,Kaduthuruthy,CPI(M)
Kottayam,Kallara,INC
Kottayam,Manjoor,KC(M)
Kottayam,Mulakulam,CPI(M)
Kottayam,Neezhoor,CPI(M)
Kottayam,Thalayolaparambu,INC
Kottayam,Velloor,CPI(M)
Kottayam,Aymanam,CPI(M)
Kottayam,Athirampuzha,KC(M)
Kottayam,Arpookara,INC
Kottayam,Neendoor,INC
Kottayam,Kadaplamattom,KC(M)
Kottayam,Marangattupilly,KC(M)
Kottayam,Kanakkary,KC(M)
Kottayam,Veliyannoor,CPI(M)
Kottayam,Kidangoor,KC(M)
Kottayam,Kuravilangad,KC(M)
Kottayam,Uzhavoor,KC(M)
Kottayam,Ramapuram,KC(M)
Kottayam,Bharananganam,INC
Kottayam,Karoor,KC(M)
Kottayam,Kozhuvanal,KC(M)
Kottayam,Kadanad,
Kottayam,Meenachil,KC(M)
Kottayam,Mutholy,KC(M)
Kottayam,Melukavu,KC(M)
Kottayam,Moonnilavu,KC(M)
Kottayam,Poonjar,CPI(M)
Kottayam,Poonjar Thekkekara,KC(S)
Kottayam,Thalappalam,INC
Kottayam,Teekoy,INC
Kottayam,Thalanad,CPI(M)
Kottayam,Thidanad,KC(M)
Kottayam,Akalakunnam,CPI(M)
Kottayam,Elikulam,INDEPENDENT
Kottayam,Kooroppada,INC
Kottayam,Pampady,INC
Kottayam,Pallickathodu,BJP
Kottayam,Meenadom,INC
Kottayam,Ayarkunnam,INC
Kottayam,Kumarakom,CPI(M)
Kottayam,Puthuppally,INC
Kottayam,Panachikkad,INC
Kottayam,Thiruvarppu,INC
Kottayam,Vijayapuram,INC
Kottayam,Manarcadu,INC
Kottayam,Karukachal,CPI(M)
Kottayam,Kurichy,INC
Kottayam,Madappally,KC(M)
Kottayam,Paippad,INC
Kottayam,Thrickodithanam,CPI(M)
Kottayam,Vakathanam,INC
Kottayam,Vazhappally,CPI(M)
Kottayam,Chirakkadavu,CPI(M)
Kottayam,Kangazha,INC
Kottayam,Nedumkunnam,INC
Kottayam,Vellavoor,CPI
Kottayam,Vazhoor,CPI(M)
Kottayam,Erumely,CPI(M)
Kottayam,Kanjirappally,CPI(M)
Kottayam,Koottickal,INC
Kottayam,Manimala,INDEPENDENT
Kottayam,Mundakayam,INC
Kottayam,Parathodu,KC(M)
Kottayam,Koruthodu,CPI(M)
Idukki,Adimaly,INC
Idukki,Konnathady,INC
Idukki,BysonValley,INC
Idukki,Vellathooval,INDEPENDENT
Idukki,Pallivasal,INC
Idukki,Marayoor,INC
Idukki,Munnar,CPI
Idukki,Kanthalloor,CPI(M)
Idukki,Vattavada,CPI(M)
Idukki,Santhanpara,CPI(M)
Idukki,Chinnakanal,INC
Idukki,Mankulam,CPI(M)
Idukki,Pampadumpara,INC
Idukki,Senapathy,INC
Idukki,Karunapuram,INC
Idukki,Rajakkad,CPI(M)
Idukki,Nedumkandam,INC
Idukki,Udumbanchola,CPI(M)
Idukki,Rajakumary,CPI(M)
Idukki,Vannappuram,INC
Idukki,Udumbanoor,INC
Idukki,Kodikulam,INDEPENDENT
Idukki,Alakode,INC
Idukki,Velliyamattom,INDEPENDENT
Idukki,Karimannoor,INDEPENDENT
Idukki,Kudayathoor,INC
Idukki,IdukkiKanjikuzhy,INC
Idukki,Vathikudy,INDEPENDENT
Idukki,Arakulam,INDEPENDENT
Idukki,Kamakshy,INC
Idukki,Vazhathope,INC
Idukki,Mariyapuram,INDEPENDENT
Idukki,Upputhara,CPI(M)
Idukki,Vandanmedu,INC
Idukki,Kanchiyar,CPI(M)
Idukki,Erattayar,INDEPENDENT
Idukki,AyyappanCoil,INC
Idukki,Chakkupallam,CPI(M)
Idukki,Muttom,INDEPENDENT
Idukki,Kumaramangalam,INDEPENDENT
Idukki,Edavetty,INC
Idukki,Karimkunnam,KC(M)
Idukki,Manakkad,INDEPENDENT
Idukki,Purapuzha,KC(M)
Idukki,Peruvanthanam,INDEPENDENT
Idukki,Kumily,INC
Idukki,Kokkayar,CPI(M)
Idukki,Peermade,INC
Idukki,Elappara,INC
Idukki,Vandiperiyar,CPI(M)
Idukki,Devikulam,INC
Idukki,"Edamalakkudy
",INC
Ernakulam,Chendamangalam,CPI(M)
Ernakulam,Kottuvally,INC
Ernakulam,Ezhikkara,CPI(M)
Ernakulam,Vadakkekkara,CPI(M)
Ernakulam,Chittattukara,INC
Ernakulam,Karumallur,CPI(M)
Ernakulam,Varapuzha,INC
Ernakulam,Alangad,CPI(M)
Ernakulam,Kadungalloor,CPI(M)
Ernakulam,Mookkannur,INC
Ernakulam,Thuravoor,CPI(M)
Ernakulam,Manjapra,INC
Ernakulam,Karukutty,INC
Ernakulam,Ayyampuzha,CPI(M)
Ernakulam,Sreemoolanagaram,INC
Ernakulam,Kanjoor,INC
Ernakulam,Kalady,INC
Ernakulam,MalayattoorNeeleswaram,INC
Ernakulam,Asamannoor,INC
Ernakulam,Mudakuzha,INC
Ernakulam,Vengoor,CPI(M)
Ernakulam,Rayamangalam,CPI(M)
Ernakulam,Koovappady,INC
Ernakulam,Okkal,INC
Ernakulam,Vengola,INC
Ernakulam,Vazhakulam,INC
Ernakulam,Kizhakkambalam,INDEPENDENT
Ernakulam,Choornikkara,INDEPENDENT
Ernakulam,Edathala,CPI(M)
Ernakulam,Keezhmad,INDEPENDENT
Ernakulam,Kadamakudy,INC
Ernakulam,Cheranalloor,INC
Ernakulam,Mulavukad,CPI(M)
Ernakulam,Narakal,INC
Ernakulam,Nayarambalam,CPI(M)
Ernakulam,Edavanakkad,CPI(M)
Ernakulam,Elankunnapuzha,INC
Ernakulam,Pallippuram,CPI(M)
Ernakulam,Kuzhuppilly,CPI(M)
Ernakulam,Chellanam,CPI(M)
Ernakulam,Kumbalanghi,INC
Ernakulam,Kumbalam,INC
Ernakulam,Udayamperoor,INC
Ernakulam,Mulanthuruthy,INC
Ernakulam,Chottanikkara,INC
Ernakulam,Edakkattuvayal,INC
Ernakulam,Amballoor,CPI(M)
Ernakulam,Poothrikka,INC
Ernakulam,Thiruvaniyoor,CPI(M)
Ernakulam,VadavucodePuthencruz,INC
Ernakulam,Mazhuvannoor,INC
Ernakulam,Aikaranad,CPI(M)
Ernakulam,Kunnathunad,INC
Ernakulam,Paingottoor,CPI(M)
Ernakulam,Nellikuzhi,CPI(M)
Ernakulam,Pindimana,INC
Ernakulam,Kottappady,CPI(M)
Ernakulam,Kavalangad,INC
Ernakulam,Varappetty,CPI(M)
Ernakulam,Keerampara,INC
Ernakulam,Pothanicad,INC
Ernakulam,Pallarimangalam,IUML
Ernakulam,Kuttampuzha,CPI(M)
Ernakulam,Elanji,INDEPENDENT
Ernakulam,Thirumarady,CPI(M)
Ernakulam,Palakuzha,CPI(M)
Ernakulam,Maneed,INC
Ernakulam,Pampakuda,CPI(M)
Ernakulam,Ramamangalam,INC
Ernakulam,Puthenvelikkara,INC
Ernakulam,Chengamanad,CPI(M)
Ernakulam,Nedumbassery,CPI(M)
Ernakulam,Parakkadavu,CPI(M)
Ernakulam,Kunnukara,INC
Ernakulam,Avoly,CPI(M)
Ernakulam,Arakuzha,CPI(M)
Ernakulam,Valakom,CPI(M)
Ernakulam,Paipra,CPI(M)
Ernakulam,Kalloorkad,INDEPENDENT
Ernakulam,Ayavana,INC
Ernakulam,Manjalloor,INC
Ernakulam,Marady,INC
Thrissur,Kadappuram,IUML
Thrissur,Orumanayur,IUML
Thrissur,Punnayur,CPI(M)
Thrissur,Punnayurkulam,CPI(M)
Thrissur,Vadakkekkad,INC
Thrissur,Choondal,CPI(M)
Thrissur,Chowannur,CPI(M)
Thrissur,Kadavallur,CPI(M)
Thrissur,Kandanassery,CPI(M)
Thrissur,Kattakampal,CPI(M)
Thrissur,Porkulam,CPI(M)
Thrissur,Desamangalam,CPI(M)
Thrissur,Erumapetty,INC
Thrissur,Kadangode,CPI(M)
Thrissur,Mullurkara,CPI(M)
Thrissur,Thekkumkara,CPI(M)
Thrissur,Varavoor,CPI(M)
Thrissur,Velur,CPI(M)
Thrissur,Chelakkara,CPI(M)
Thrissur,VallatholNagar,CPI(M)
Thrissur,Kondazhy,INC
Thrissur,Panjal,INC
Thrissur,Pazhayannur,CPI(M)
Thrissur,Thiruvilwamala,CPI(M)
Thrissur,Kolazhy,INC
Thrissur,Madakkathara,CPI(M)
Thrissur,Nadathara,CPI(M)
Thrissur,Pananchery,CPI(M)
Thrissur,Puthur,INC
Thrissur,Adat,INC
Thrissur,Arimpur,CPI(M)
Thrissur,Avanur,CPI(M)
Thrissur,Kaiparambu,CPI(M)
Thrissur,Mulakunnathukavu,CPI(M)
Thrissur,Tholur,CPI(M)
Thrissur,Elavally,CPI(M)
Thrissur,Mullassery,CPI(M)
Thrissur,Pavaratty,INC
Thrissur,Venkitangu,CPI(M)
Thrissur,Engandiyur,CPI(M)
Thrissur,Vatanapally,CPI(M)
Thrissur,Thalikulam,CPI(M)
Thrissur,Nattika,INC
Thrissur,Valapad,CPI(M)
Thrissur,Anthikad,CPI(M)
Thrissur,Thanniyam,CPI
Thrissur,Chazhur,CPI(M)
Thrissur,Manalur,INC
Thrissur,Avinissery,BJP
Thrissur,Cherpu,INC
Thrissur,Paralam,CPI(M)
Thrissur,Vallachira,CPI(M)
Thrissur,Alagappanagar,INC
Thrissur,Kodakara,CPI(M)
Thrissur,Mattathur,CPI(M)
Thrissur,Nenmanikkara,CPI(M)
Thrissur,Pudukad,INC
Thrissur,Thrikkur,INC
Thrissur,Varandarappilly,INC
Thrissur,Karalam,CPI(M)
Thrissur,Kattoor,INC
Thrissur,Muriyad,INC
Thrissur,Parappukkara,CPI(M)
Thrissur,Padiyur,CPI
Thrissur,Poomangalam,CPI(M)
Thrissur,Puthenchira,INC
Thrissur,Vellangallur,CPI(M)
Thrissur,Velukara,CPI(M)
Thrissur,Edathiruthy,CPI(M)
Thrissur,Kaipamangalam,CPI(M)
Thrissur,Mathilakam,CPI(M)
Thrissur,Perinjanam,CPI(M)
Thrissur,Sreenarayanapuram,CPI(M)
Thrissur,Edavilangu,CPI(M)
Thrissur,Eriyad,CPI(M)
Thrissur,Aloor,CPI(M)
Thrissur,Annamanada,INC
Thrissur,Kuzhur,INC
Thrissur,Mala,CPI(M)
Thrissur,Poyya,CPI(M)
Thrissur,Kadukutty,INC
Thrissur,Kodassery,CPI(M)
Thrissur,Koratty,CPI(M)
Thrissur,Meloor,CPI(M)
Thrissur,Pariyaram,CPI(M)
Thrissur,Athirappilly,CPI(M)
Palakkad,Anakkara,CPI(M)
Palakkad,Chalissery,INC
Palakkad,Kappur,CPI(M)
Palakkad,Nagalassery,CPI(M)
Palakkad,Pattithara,CPI(M)
Palakkad,Thirumittacode,CPI(M)
Palakkad,Trithala,CPI(M)
Palakkad,Koppam,CPI(M)
Palakkad,Kulukkallur,CPI(M)
Palakkad,Muthuthala,CPI(M)
Palakkad,Nellaya,CPI(M)
Palakkad,Ongallur,CPI(M)
Palakkad,Paruthur,CPI(M)
Palakkad,Thiruvegappura,IUML
Palakkad,Vallapuzha,INC
Palakkad,Vilayur,CPI(M)
Palakkad,Ambalappara,CPI(M)
Palakkad,Ananganadi,CPI(M)
Palakkad,Chalavara,CPI(M)
Palakkad,Lakkidi - Perur,CPI(M)
Palakkad,Vaniamkulam,CPI(M)
Palakkad,Kadampazhipuram,CPI(M)
Palakkad,Karimpuzha,CPI(M)
Palakkad,Pookkottukavu,CPI(M)
Palakkad,Sreekrishnapuram,CPI(M)
Palakkad,Trikkaderi,CPI(M)
Palakkad,Vellinezhi,CPI(M)
Palakkad,Alanallur,IUML
Palakkad,Karakurussi,CPI(M)
Palakkad,Karimba,CPI(M)
Palakkad,Kottopadam,CPI(M)
Palakkad,Kumaramputhur,IUML
Palakkad,Kanhirapuzha,CPI(M)
Palakkad,Thachanattukara,IUML
Palakkad,Tachampara,INC
Palakkad,Agali,CPI(M)
Palakkad,Pudur,CPI
Palakkad,Sholayoor,CPI(M)
Palakkad,Kodumbu,CPI(M)
Palakkad,Keralassery,CPI(M)
Palakkad,Kongad,CPI(M)
Palakkad,Mankara,CPI(M)
Palakkad,Mannur,CPI(M)
Palakkad,Mundur,CPI(M)
Palakkad,Parali,CPI(M)
Palakkad,Pirayiri,INC
Palakkad,Kottayi,CPI(M)
Palakkad,Kuthanur,INC
Palakkad,Kuzhalmannam,INC
Palakkad,Mathur,CPI(M)
Palakkad,Peringottukurissi,INC
Palakkad,Thenkurissi,CPI(M)
Palakkad,Kannadi,CPI(M)
Palakkad,Eruthenpathy,INC
Palakkad,Kozhinjampara,INC
Palakkad,Nallepilly,CPI(M)
Palakkad,Pattanchery,INC
Palakkad,Perumatty,JD(S)
Palakkad,Vadakarapathy,INDEPENDENT
Palakkad,Kollengode,CPI(M)
Palakkad,Koduvayur,CPI(M)
Palakkad,Muthalamada,CPI(M)
Palakkad,Pudunagaram,IUML
Palakkad,Vadavannur,INC
Palakkad,Ayiloor,CPI(M)
Palakkad,Nelliyampathy,CPI(M)
Palakkad,Elavancherry,CPI(M)
Palakkad,Pallassana,CPI(M)
Palakkad,Melarcode,CPI(M)
Palakkad,Nenmara,CPI(M)
Palakkad,Alathur,CPI(M)
Palakkad,Erimayur,CPI(M)
Palakkad,Kavassery,CPI(M)
Palakkad,Kizhakkencherry,CPI(M)
Palakkad,Puducode,INC
Palakkad,Tarur,INC
Palakkad,Vandazhy,CPI(M)
Palakkad,Vadakkencheri,CPI(M)
Palakkad,Kannambra,CPI(M)
Palakkad,Akathethara,CPI(M)
Palakkad,Malampuzha,BJP
Palakkad,Marutharode,CPI(M)
Palakkad,Puduppariyaram,CPI(M)
Palakkad,Peruvemba,INC
Palakkad,Pudusseri,CPI(M)
Palakkad,Elappully,CPI(M)
Palakkad,Polpully,CPI(M)
Palakkad,Thenkara,CPI(M)
Malappuram,Amarambalam,INC
Malappuram,Chaliyar,INC
Malappuram,Chungathara,CPI(M)
Malappuram,Karulai,CPI(M)
Malappuram,Moothedam,CPI(M)
Malappuram,Vazhikkadavu,CPI(M)
Malappuram,Edakkara,INC
Malappuram,Kalikavu,CPI(M)
Malappuram,Pothukallu,CPI(M)
Malappuram,Chokkad,INC
Malappuram,Mampad,CPI(M)
Malappuram,Karuvarakundu,IUML
Malappuram,Pandikkad,CPI(M)
Malappuram,Edavanna,IUML
Malappuram,Porur,CPI(M)
Malappuram,Thrikkalangodu,CPI(M)
Malappuram,Thiruvali,CPI(M)
Malappuram,Tuvvur,CPI(M)
Malappuram,Wandoor,INC
Malappuram,Chelembra,INDEPENDENT
Malappuram,Cherukavu,IUML
Malappuram,Pallikkal,IUML
Malappuram,Vazhayur,CPI(M)
Malappuram,Vazhakkad,INDEPENDENT
Malappuram,Pulikkal,IUML
Malappuram,Urangattiri,CPI(M)
Malappuram,Kavanur,CPI(M)
Malappuram,Keezhuparamba,IUML
Malappuram,Pulpatta,IUML
Malappuram,Cheacode,IUML
Malappuram,Kuzhimanna,IUML
Malappuram,Areacode,IUML
Malappuram,Anakkayam,IUML
Malappuram,Morayur,IUML
Malappuram,Oorakam,IUML
Malappuram,Ponmala,INDEPENDENT
Malappuram,Pookkottur,IUML
Malappuram,Aliparamba,IUML
Malappuram,Edappatta,INC
Malappuram,Elamkulam,CPI(M)
Malappuram,Melattur,IUML
Malappuram,Keezhattur,IUML
Malappuram,Thazhekkode,IUML
Malappuram,Vettathur,CPI(M)
Malappuram,Kuruva,IUML
Malappuram,Mankada,IUML
Malappuram,Makkaraparamba,IUML
Malappuram,Pulamanthole,CPI(M)
Malappuram,Moorkkanad,CPI(M)
Malappuram,Koottilangadi,CPI(M)
Malappuram,Puzhakkattiri,IUML
Malappuram,Kodur,IUML
Malappuram,Angadippuram,CPI(M)
Malappuram,Athavanad,INDEPENDENT
Malappuram,Edayur,CPI(M)
Malappuram,Irimbiliyam,CPI(M)
Malappuram,Marakkara,INDEPENDENT
Malappuram,Kuttippuram,IUML
Malappuram,ARNagar,IUML
Malappuram,Edarikode,IUML
Malappuram,Othukkungal,IUML
Malappuram,Parappur,INDEPENDENT
Malappuram,Thennala,IUML
Malappuram,Vengara,IUML
Malappuram,Kannamangalam,IUML
Malappuram,Thenhipalam,CPI(M)
Malappuram,Vallikkunnu,CPI(M)
Malappuram,Moonniyur,IUML
Malappuram,Nannambra,IUML
Malappuram,Peruvalloor,IUML
Malappuram,Cheriyamundam,IUML
Malappuram,Kalpakanchery,IUML
Malappuram,Ozhur,IUML
Malappuram,Tanalur,CPI(M)
Malappuram,Valavannur,INDEPENDENT
Malappuram,Ponmundam,IUML
Malappuram,Niramaruthur,CPI(M)
Malappuram,Perumanna Klari,IUML
Malappuram,Purathur,CPI(M)
Malappuram,Thalakkad,CPI(M)
Malappuram,Triprangode,CPI(M)
Malappuram,Vettom,IUML
Malappuram,Thirunavaya,IUML
Malappuram,Mangalam,CPI(M)
Malappuram,Tavanur,CPI(M)
Malappuram,Vattamkulam,CPI(M)
Malappuram,Edapal,CPI(M)
Malappuram,Alamkode,IUML
Malappuram,Maranchery,CPI(M)
Malappuram,Nannammukku,CPI(M)
Malappuram,Perumpadappa,INC
Malappuram,Veliancode,INC
Malappuram,Muthuvalloor,IUML
Malappuram,Kaladi,CPI(M)
Kozhikode,Azhiyur,IUML
Kozhikode,Chorode,CPI(M)
Kozhikode,Eramala,JD(U)
Kozhikode,Onchiyam,CPI(M)
Kozhikode,Chekkiad,IUML
Kozhikode,Edacheri,CPI(M)
Kozhikode,Purameri,CPI(M)
Kozhikode,Tuneri,CPI(M)
Kozhikode,Valayam,CPI(M)
Kozhikode,Vanimal,IUML
Kozhikode,Kunnummal,CPI(M)
Kozhikode,Nadapuram,IUML
Kozhikode,Kayakkody,CPI(M)
Kozhikode,Kavilumpara,CPI(M)
Kozhikode,Kuttiadi,CPI(M)
Kozhikode,Maruthonkara,CPI(M)
Kozhikode,Velom,IUML
Kozhikode,Narippatta,CPI(M)
Kozhikode,Ayancheri,CPI(M)
Kozhikode,Villiappally,CPI(M)
Kozhikode,Maniyur,CPI(M)
Kozhikode,Thiruvallur,CPI(M)
Kozhikode,Thurayur,CPI(M)
Kozhikode,Keezhariyur,CPI(M)
Kozhikode,Thikkodi,INC
Kozhikode,Meppayur,CPI(M)
Kozhikode,Cheruvannur,CPI(M)
Kozhikode,Nochad,CPI(M)
Kozhikode,Changaroth,CPI(M)
Kozhikode,Kayanna,CPI(M)
Kozhikode,Koothali,CPI(M)
Kozhikode,Perambra,CPI(M)
Kozhikode,Chakkittapara,CPI(M)
Kozhikode,Balussery,CPI(M)
Kozhikode,Naduvannur,CPI(M)
Kozhikode,Atholi,CPI(M)
Kozhikode,Ulliyeri,CPI(M)
Kozhikode,Kottur,CPI(M)
Kozhikode,Unnikulum,CPI(M)
Kozhikode,Panangad,CPI(M)
Kozhikode,Koorachundu,INC
Kozhikode,Chemanchery,CPI(M)
Kozhikode,Arikkulam,CPI(M)
Kozhikode,Moodadi,CPI(M)
Kozhikode,Chengottukavu,CPI(M)
Kozhikode,Kakkodi,CPI(M)
Kozhikode,Chelannur,CPI(M)
Kozhikode,Kakkur,INC
Kozhikode,Nanminda,CPI(M)
Kozhikode,Narikunni,CPI(M)
Kozhikode,Thalakulathur,CPI(M)
Kozhikode,Thiruvambadi,CPI(M)
Kozhikode,Koodaranhi,CPI(M)
Kozhikode,Kizhakkoth,IUML
Kozhikode,Madavoor,CPI(M)
Kozhikode,Puduppady,INDEPENDENT
Kozhikode,Thamarassery,IUML
Kozhikode,Omassery,CPI(M)
Kozhikode,Kodiyathur,CPI(M)
Kozhikode,Kuruvattoor,CPI(M)
Kozhikode,Mavoor,CPI(M)
Kozhikode,Karassery,CPI(M)
Kozhikode,Kunnamangalam,IUML
Kozhikode,Chathamangalam,CPI(M)
Kozhikode,Kodanchery,INC
Kozhikode,Peruvayal,CPI(M)
Kozhikode,Perumanna,CPI(M)
Kozhikode,Kadalundi,CPI(M)
Kozhikode,Olavanna,CPI(M)
Kozhikode,Kattippara,INDEPENDENT
Wayanad,Vellamunda,IUML
Wayanad,Thirunelly,CPI(M)
Wayanad,Thondernad,CPI(M)
Wayanad,Edavaka,CPI(M)
Wayanad,Thavinhal,CPI(M)
Wayanad,Panamaram,CPI(M)
Wayanad,Meenangadi,CPI(M)
Wayanad,Nenmeni,CPI(M)
Wayanad,Ambalavayal,INC
Wayanad,Poothadi,CPI(M)
Wayanad,Noolpuzha,CPI(M)
Wayanad,Mullankolly,INC
Wayanad,Pulpally,CPI(M)
Wayanad,Kottathara,CPI(M)
Wayanad,Vengappally,CPI(M)
Wayanad,Vythiri,CPI(M)
Wayanad,Muttil,CPI(M)
Wayanad,Pozhuthana,CPI(M)
Wayanad,Thariode,CPI(M)
Wayanad,Padinharathara,IUML
Wayanad,Meppadi,CPI(M)
Wayanad,Kaniyambetta,IUML
Wayanad,Muppainad,IUML
Kannur,Cheruthazham,CPI(M)
Kannur,Ezhome,CPI(M)
Kannur,Kunhimangalam,CPI(M)
Kannur,Madayi,IUML
Kannur,Mattool,IUML
Kannur,Ramanthali,CPI(M)
Kannur,Kadannappally Panapuzha,CPI(M)
Kannur,Karivellur Peralam,CPI(M)
Kannur,Kankol - Alappadamba,CPI(M)
Kannur,Eramam Kuttur,CPI(M)
Kannur,Peringome Vayakkara,CPI(M)
Kannur,Cherupuzha,INC
Kannur,Pattuvam,CPI(M)
Kannur,Cherukunnu,CPI(M)
Kannur,Kalliasseri,CPI(M)
Kannur,Kannapuram,CPI(M)
Kannur,Pappinisseri,CPI(M)
Kannur,Chengalayi,CPI(M)
Kannur,Kurumathur,CPI(M)
Kannur,Pariyaram,CPI(M)
Kannur,Narath,CPI(M)
Kannur,Chapparapadava,CPI(M)
Kannur,Naduvil,INC
Kannur,Udayagiri,INC
Kannur,Alakode,INC
Kannur,Eruvessy,INC
Kannur,Irikkur,IUML
Kannur,Malappattam,CPI(M)
Kannur,Payyavoor,INC
Kannur,Kolachery,IUML
Kannur,Kuttiattoor,CPI(M)
Kannur,Mayyil,CPI(M)
Kannur,Padiyoor ,CPI(M)
Kannur,Ulikkal,INC
Kannur,Chirakkal,CPI(M)
Kannur,Valapattanam,INC
Kannur,Azhikode,CPI(M)
Kannur,Anjarakandy,CPI(M)
Kannur,Kadambur,CPI(M)
Kannur,Muzhappilangad,CPI(M)
Kannur,Chembilode,CPI(M)
Kannur,Munderi,CPI(M)
Kannur,Peralassery,CPI(M)
Kannur,Dharmadam,CPI(M)
Kannur,Eranholi,CPI(M)
Kannur,Kadirur,CPI(M)
Kannur,Kottayam,CPI(M)
Kannur,Pinarayi,CPI(M)
Kannur,Chokli,CPI(M)
Kannur,New Mahe,CPI(M)
Kannur,Mokeri,CPI(M)
Kannur,Panniyannur,CPI(M)
Kannur,Triprangottoor,IUML
Kannur,Chittariparamba,CPI(M)
Kannur,Kunnothuparamba,CPI(M)
Kannur,Mangattidam,CPI(M)
Kannur,Pattiam,CPI(M)
Kannur,Vengad,CPI(M)
Kannur,Aralam,INC
Kannur,Ayyankunnu,INC
Kannur,Keezhallur,CPI(M)
Kannur,Thillankery,CPI(M)
Kannur,Koodali,CPI(M)
Kannur,Payam,CPI(M)
Kannur,Kanichar,INC
Kannur,Kelakam,CPI(M)
Kannur,Kottiyoor,INC
Kannur,Muzhakkunnu,CPI(M)
Kannur,Kolayad,CPI(M)
Kannur,Malur,CPI(M)
Kannur,Peravoor,CPI(M)
Kasargode,Belloor,BJP
Kasargode,Kumbadaje,BJP
Kasargode,Mangalpady,IUML
Kasargode,Vorkady,IUML
Kasargode,Puthige,CPI(M)
Kasargode,Meenja,INC
Kasargode,Manjeshwar,IUML
Kasargode,Kumbla,IUML
Kasargode,Paivalike,BJP
Kasargode,Enmakaje,BJP
Kasargode,Badiadka,BJP
Kasargode,Muliyar,IUML
Kasargode,Karadka,BJP
Kasargode,Delampady,CPI(M)
Kasargode,Chengala,IUML
Kasargode,Chemnad,IUML
Kasargode,Bedadka,CPI(M)
Kasargode,Madhur,BJP
Kasargode,MogralPuthur,IUML
Kasargode,Kuttikol,CPI(M)
Kasargode,Udma,CPI(M)
Kasargode,Ajanur,CPI(M)
Kasargode,Balal,INC
Kasargode,KodomBelur,CPI(M)
Kasargode,Madikai,CPI(M)
Kasargode,Pallikere,CPI(M)
Kasargode,Panathady,CPI(M)
Kasargode,PullurPeriya,CPI(M)
Kasargode,Kallar,INC
Kasargode,Cheruvathur,CPI(M)
Kasargode,Kayyur Cheemeni,CPI(M)
Kasargode,East Eleri,INDEPENDENT
Kasargode,Pilicode,CPI(M)
Kasargode,WestEleri,CPI(M)
Kasargode,Kinanoor - Karinthalam,CPI(M)
Kasargode,Trikaripur,IUML
Kasargode,Padne,CPI(M)
Kasargode,Valiyaparamba,CPI(M)
